kmeans_cluster,interaction_frequency,session_duration,engagement_score,repetitive_behavior,utterance_length,kmeans_cluster,dbscan_cluster,anomaly_score,anomaly
0,0.0019460141951775623,0.10982936045968711,0.7966925282871616,0.0027270847334953216,0.0013407613260753362,0.0,8.307966706302022,0.0010558470836815326,0.0
1,0.004911870633520118,0.09092259799066083,0.18205175514647498,0.01009400705052879,0.0016903371261169425,1.0,5.516666666666667,0.33600289367205466,0.3081081081081081
2,0.2478635611556574,0.52956369982548,0.9555175533756226,0.034191304347826086,0.48891839392909725,2.0,-0.0044444444444444444,0.11448764148350725,0.03288888888888889
3,0.0033146772645157013,0.10247666948456195,0.5064835863675359,0.006269050006882584,0.001889011987601608,3.0,3.1447308909995475,0.0339364084659668,0.0004522840343735866
